{"stat.drop.tutorialmod.emp_gun":1,"stat.walkOneCm":9872,"achievement.openInventory":1,"stat.leaveGame":1,"stat.pickup.tutorialmod.emp_gun":1,"stat.pickup.minecraft.cobblestone":2,"stat.flyOneCm":4957,"stat.pickup.minecraft.wheat_seeds":3,"stat.drop":1,"stat.jump":63,"stat.swimOneCm":678,"stat.playOneMinute":1725,"stat.pickup.minecraft.red_flower":1,"stat.sneakTime":17,"stat.pickup.minecraft.wool":1,"stat.pickup.minecraft.stone":2,"stat.crouchOneCm":178,"stat.timeSinceDeath":1725,"stat.pickup.minecraft.dirt":56,"stat.useItem.minecraft.dirt":19,"stat.pickup.minecraft.yellow_flower":1,"stat.sprintOneCm":2649,"achievement.exploreAllBiomes":{"value":0,"progress":["Roofed Forest","Plains","Swampland"]},"stat.pickup.minecraft.mutton":1}