{"stat.walkOneCm":29070,"stat.useItem.tutorialmod.tutorial_item":3,"achievement.openInventory":2,"stat.useItem.minecraft.stone":147,"stat.useItem.minecraft.flint_and_steel":897,"stat.leaveGame":1,"stat.mobKills":1,"stat.pickup.minecraft.log":1,"stat.flyOneCm":211789,"stat.pickup.minecraft.wheat_seeds":2,"stat.pickup.minecraft.brown_mushroom":1,"stat.jump":115,"stat.swimOneCm":57,"stat.playOneMinute":13945,"stat.pickup.minecraft.red_flower":1,"stat.sneakTime":93,"stat.damageDealt":100,"stat.pickup.minecraft.porkchop":1,"stat.pickup.minecraft.gunpowder":4,"stat.pickup.minecraft.stone":1,"stat.crouchOneCm":60,"stat.timeSinceDeath":13945,"achievement.mineWood":1,"stat.pickup.minecraft.dirt":37,"stat.sprintOneCm":10604,"stat.useItem.minecraft.spawn_egg":30,"stat.killEntity.Pig":1,"achievement.exploreAllBiomes":{"value":0,"progress":["Flower Forest","River","Plains","Taiga"]}}