{"stat.flyOneCm":26250,"stat.walkOneCm":7175,"stat.jump":7,"stat.swimOneCm":1457,"stat.playOneMinute":7039,"achievement.openInventory":4,"stat.useItem.minecraft.flint_and_steel":148,"stat.leaveGame":1,"stat.sneakTime":186,"stat.pickup.minecraft.wool":1,"stat.damageDealt":4,"stat.pickup.minecraft.stone":1,"stat.timeSinceDeath":7039,"stat.pickup.minecraft.dirt":10,"stat.pickup.minecraft.cobblestone":3,"stat.useItem.minecraft.spawn_egg":156,"achievement.exploreAllBiomes":{"value":0,"progress":["ForestHills","Forest","Plains","Taiga"]}}